species,island,bill_length_mm,bill_depth_mm,flipper_length_mm,body_mass_g,sex,diet,life_stage,health_metrics,year_taken,image_url
Adelie,Biscoe,53.40,17.80,219.00,5687.00,female,fish,adult,overweight,2021.00,/penguins1.jpg
Adelie,Biscoe,49.30,18.10,245.00,6811.00,female,fish,adult,overweight,2021.00,/penguins2.jpg
Adelie,Biscoe,55.70,16.60,226.00,5388.00,female,fish,adult,overweight,2021.00,/penguins3.jpg
Adelie,Biscoe,38.00,15.60,221.00,6262.00,female,fish,adult,overweight,2021.00,/penguins4.jpg
Adelie,Biscoe,60.70,17.90,177.00,4811.00,female,fish,juvenile,overweight,2021.00,/penguins5.jpg
Adelie,Biscoe,35.70,16.80,194.00,5266.00,female,fish,juvenile,overweight,2021.00,/penguins6.jpg
Adelie,Biscoe,61.00,20.80,211.00,5961.00,female,fish,adult,overweight,2021.00,/penguins7.jpg
Adelie,Biscoe,66.10,20.80,246.00,6653.00,male,fish,adult,overweight,2021.00,/penguins8.jpg
Adelie,Biscoe,61.40,19.90,270.00,6722.00,male,fish,adult,overweight,2021.00,/penguins9.jpg
Adelie,Biscoe,54.90,22.30,230.00,6494.00,male,fish,adult,overweight,2021.00,/penguins10.jpg
Adelie,Biscoe,63.90,16.50,277.00,6147.00,male,fish,adult,overweight,2021.00,/penguins11.jpg
Adelie,Biscoe,55.10,19.70,224.00,6038.00,male,fish,juvenile,overweight,2021.00,/penguins12.jpg
Adelie,Biscoe,57.40,19.50,255.00,5920.00,male,fish,adult,healthy,2021.00,/penguins13.jpg
Adelie,Biscoe,20.40,16.90,166.00,3431.00,female,krill,juvenile,underweight,2021.00,/penguins14.jpg
Adelie,Biscoe,20.40,14.90,188.00,3672.00,female,krill,juvenile,underweight,2021.00,/penguins15.jpg
Adelie,Biscoe,20.80,18.00,206.00,3378.00,female,krill,juvenile,underweight,2021.00,/penguins16.jpg
Adelie,Biscoe,25.90,17.80,186.00,3511.00,female,krill,juvenile,underweight,2021.00,/penguins17.jpg
Adelie,Biscoe,21.30,16.80,179.00,3631.00,female,krill,juvenile,underweight,2021.00,/penguins18.jpg
Adelie,Biscoe,28.50,17.40,169.00,3810.00,female,krill,juvenile,healthy,2021.00,/penguins19.jpg
Adelie,Biscoe,31.60,16.00,214.00,5004.00,male,krill,juvenile,healthy,2021.00,/penguins20.jpg
Adelie,Biscoe,31.70,24.60,216.00,4821.00,male,krill,adult,underweight,2021.00,/penguins21.jpg
Adelie,Biscoe,32.90,20.20,231.00,5431.00,male,krill,adult,healthy,2021.00,/penguins22.jpg
Adelie,Biscoe,21.10,23.30,219.00,4649.00,male,krill,juvenile,healthy,2021.00,/penguins23.jpg
Adelie,Biscoe,26.90,19.20,229.00,4883.00,male,krill,adult,underweight,2021.00,/penguins24.jpg
Adelie,Biscoe,25.10,17.90,204.00,4405.00,male,krill,juvenile,underweight,2021.00,/penguins25.jpg
Adelie,Biscoe,30.20,13.10,171.00,2945.00,female,parental,chick,healthy,2021.00,/penguins26.jpg
Adelie,Biscoe,36.00,17.70,167.00,2989.00,female,parental,chick,healthy,2021.00,/penguins27.jpg
Adelie,Biscoe,28.00,16.00,164.00,3048.00,female,parental,chick,healthy,2021.00,/penguins28.jpg
Adelie,Biscoe,35.80,14.20,174.00,3005.00,female,parental,chick,healthy,2021.00,/penguins29.jpg
Adelie,Biscoe,23.30,14.20,176.00,3203.00,female,parental,chick,overweight,2021.00,/penguins30.jpg
Adelie,Biscoe,33.00,15.00,177.00,2850.00,female,parental,chick,healthy,2021.00,/penguins31.jpg
Adelie,Biscoe,32.80,14.60,193.00,3653.00,male,parental,chick,healthy,2021.00,/penguins32.jpg
Adelie,Biscoe,30.40,19.90,176.00,3220.00,male,parental,chick,underweight,2021.00,/penguins33.jpg
Adelie,Biscoe,36.30,11.20,200.00,3899.00,male,parental,chick,overweight,2021.00,/penguins34.jpg
Adelie,Biscoe,34.30,18.10,165.00,3366.00,male,parental,chick,underweight,2021.00,/penguins35.jpg
Adelie,Biscoe,26.50,12.40,171.00,3736.00,male,parental,chick,healthy,2021.00,/penguins36.jpg
Adelie,Biscoe,32.90,14.90,181.00,3647.00,male,parental,chick,healthy,2021.00,/penguins37.jpg
Adelie,Biscoe,34.70,14.00,210.00,3411.00,male,parental,chick,healthy,2021.00,/penguins38.jpg
Adelie,Biscoe,29.80,16.90,178.00,3682.00,male,parental,chick,healthy,2021.00,/penguins39.jpg
Adelie,Biscoe,38.90,14.60,169.00,3668.00,male,parental,chick,healthy,2021.00,/penguins40.jpg
Adelie,Biscoe,38.90,9.10,195.00,3597.00,male,parental,chick,healthy,2021.00,/penguins41.jpg
Adelie,Biscoe,33.70,13.60,180.00,3975.00,male,parental,chick,overweight,2021.00,/penguins42.jpg
Adelie,Biscoe,32.20,13.10,185.00,4142.00,male,parental,chick,overweight,2021.00,/penguins43.jpg
Adelie,Biscoe,34.30,15.80,185.00,3923.00,male,parental,chick,overweight,2021.00,/penguins44.jpg
Adelie,Biscoe,27.20,17.10,189.00,3744.00,male,parental,chick,healthy,2021.00,/penguins45.jpg
Adelie,Biscoe,37.80,13.40,187.00,3156.00,male,parental,chick,underweight,2021.00,/penguins46.jpg
Adelie,Biscoe,39.10,19.50,175.00,3499.00,female,squid,juvenile,underweight,2021.00,/penguins47.jpg
Adelie,Biscoe,45.50,19.30,230.00,5971.00,male,squid,adult,overweight,2021.00,/penguins48.jpg
Adelie,Biscoe,39.00,18.20,221.00,4884.00,male,squid,juvenile,healthy,2021.00,/penguins49.jpg
Adelie,Dream,33.10,18.40,206.00,4870.00,female,fish,juvenile,overweight,2021.00,/penguins50.jpg
Adelie,Dream,37.60,16.70,218.00,5372.00,female,fish,juvenile,overweight,2021.00,/penguins51.jpg
Adelie,Dream,50.60,18.70,207.00,4955.00,female,fish,juvenile,overweight,2021.00,/penguins52.jpg
Adelie,Dream,65.20,18.00,223.00,4681.00,female,fish,adult,healthy,2021.00,/penguins53.jpg
Adelie,Dream,51.70,19.70,232.00,5834.00,male,fish,juvenile,overweight,2021.00,/penguins54.jpg
Adelie,Dream,45.10,18.90,258.00,7509.00,male,fish,adult,overweight,2021.00,/penguins55.jpg
Adelie,Dream,39.20,19.00,231.00,7184.00,male,fish,juvenile,overweight,2021.00,/penguins56.jpg
Adelie,Dream,61.80,17.90,212.00,5153.00,male,fish,juvenile,overweight,2021.00,/penguins57.jpg
Adelie,Dream,50.30,20.30,225.00,5475.00,male,fish,juvenile,overweight,2021.00,/penguins58.jpg
Adelie,Dream,52.60,21.20,267.00,6818.00,male,fish,adult,overweight,2021.00,/penguins59.jpg
Adelie,Dream,62.90,16.00,249.00,5886.00,male,fish,adult,healthy,2021.00,/penguins60.jpg
Adelie,Dream,26.30,18.60,202.00,4242.00,female,krill,adult,healthy,2021.00,/penguins61.jpg
Adelie,Dream,24.00,16.60,207.00,4029.00,male,krill,juvenile,underweight,2021.00,/penguins62.jpg
Adelie,Dream,30.00,20.20,195.00,4400.00,female,krill,adult,healthy,2021.00,/penguins63.jpg
Adelie,Dream,18.20,17.40,179.00,3525.00,female,krill,juvenile,underweight,2021.00,/penguins64.jpg
Adelie,Dream,15.60,15.30,215.00,4121.00,female,krill,juvenile,healthy,2021.00,/penguins65.jpg
Adelie,Dream,23.50,15.00,196.00,3770.00,female,krill,juvenile,healthy,2021.00,/penguins66.jpg
Adelie,Dream,23.90,18.00,160.00,3837.00,female,krill,juvenile,healthy,2021.00,/penguins67.jpg
Adelie,Dream,27.00,13.00,191.00,3812.00,female,krill,juvenile,healthy,2021.00,/penguins68.jpg
Adelie,Dream,18.40,18.10,166.00,3777.00,female,krill,juvenile,healthy,2021.00,/penguins69.jpg
Adelie,Dream,36.40,20.20,186.00,4317.00,female,krill,adult,healthy,2021.00,/penguins70.jpg
Adelie,Dream,28.50,19.80,197.00,3817.00,female,krill,juvenile,healthy,2021.00,/penguins71.jpg
Adelie,Dream,30.60,19.00,184.00,3889.00,female,krill,juvenile,healthy,2021.00,/penguins72.jpg
Adelie,Dream,22.40,19.30,179.00,3783.00,female,krill,juvenile,healthy,2021.00,/penguins73.jpg
Adelie,Dream,22.10,15.80,183.00,3870.00,female,krill,juvenile,healthy,2021.00,/penguins74.jpg
Adelie,Dream,29.70,14.80,188.00,5760.00,male,krill,juvenile,overweight,2021.00,/penguins75.jpg
Adelie,Dream,29.00,19.00,184.00,3977.00,male,krill,juvenile,underweight,2021.00,/penguins76.jpg
Adelie,Dream,32.60,22.80,197.00,5480.00,male,krill,adult,healthy,2021.00,/penguins77.jpg
Adelie,Dream,25.70,19.20,216.00,4000.00,male,krill,juvenile,underweight,2021.00,/penguins78.jpg
Adelie,Dream,21.90,18.60,224.00,5129.00,male,krill,juvenile,overweight,2021.00,/penguins79.jpg
Adelie,Dream,36.00,14.70,214.00,4853.00,male,krill,juvenile,healthy,2021.00,/penguins80.jpg
Adelie,Dream,32.00,15.60,211.00,4195.00,male,krill,juvenile,underweight,2021.00,/penguins81.jpg
Adelie,Dream,32.10,19.60,207.00,4187.00,male,krill,juvenile,underweight,2021.00,/penguins82.jpg
Adelie,Dream,25.00,17.20,181.00,5027.00,male,krill,juvenile,healthy,2021.00,/penguins83.jpg
Adelie,Dream,28.00,19.50,197.00,4896.00,male,krill,juvenile,healthy,2021.00,/penguins84.jpg
Adelie,Dream,28.00,21.10,213.00,4314.00,male,krill,juvenile,underweight,2021.00,/penguins85.jpg
Adelie,Dream,30.20,22.70,226.00,5128.00,male,krill,adult,healthy,2021.00,/penguins86.jpg
Adelie,Dream,34.50,19.00,192.00,4447.00,male,krill,juvenile,underweight,2021.00,/penguins87.jpg
Adelie,Dream,38.10,20.40,216.00,4198.00,male,krill,juvenile,underweight,2021.00,/penguins88.jpg
Adelie,Dream,29.80,22.80,186.00,4999.00,male,krill,juvenile,healthy,2021.00,/penguins89.jpg
Adelie,Dream,32.10,17.70,197.00,4259.00,male,krill,juvenile,underweight,2021.00,/penguins90.jpg
Adelie,Dream,33.10,20.20,240.00,5581.00,male,krill,adult,healthy,2021.00,/penguins91.jpg
Adelie,Dream,33.80,16.60,168.00,3194.00,female,parental,chick,healthy,2021.00,/penguins92.jpg
Adelie,Dream,35.80,15.60,174.00,2977.00,female,parental,chick,healthy,2021.00,/penguins93.jpg
Adelie,Dream,23.00,16.70,157.00,3063.00,female,parental,chick,healthy,2021.00,/penguins94.jpg
Adelie,Dream,42.80,14.10,195.00,3061.00,female,parental,chick,healthy,2021.00,/penguins95.jpg
Adelie,Dream,38.10,14.00,181.00,2715.00,female,parental,chick,underweight,2021.00,/penguins96.jpg
Adelie,Dream,27.10,13.70,179.00,3471.00,female,parental,chick,overweight,2021.00,/penguins97.jpg
Adelie,Dream,32.80,17.00,162.00,3196.00,female,parental,chick,healthy,2021.00,/penguins98.jpg
Adelie,Dream,29.80,17.20,184.00,3016.00,female,parental,chick,healthy,2021.00,/penguins99.jpg
Adelie,Dream,31.70,13.40,180.00,2955.00,female,parental,chick,healthy,2021.00,/penguins100.jpg
Adelie,Dream,29.30,13.60,176.00,3265.00,female,parental,chick,overweight,2021.00,/penguins101.jpg
Adelie,Dream,35.50,15.30,184.00,3678.00,male,parental,chick,healthy,2021.00,/penguins102.jpg
Adelie,Dream,44.60,16.50,185.00,3411.00,male,parental,chick,healthy,2021.00,/penguins103.jpg
Adelie,Dream,38.70,19.70,232.00,4885.00,female,squid,adult,healthy,2021.00,/penguins104.jpg
Adelie,Dream,40.70,21.80,219.00,5718.00,male,squid,adult,healthy,2021.00,/penguins105.jpg
Adelie,Dream,43.60,18.60,208.00,6896.00,male,squid,adult,overweight,2021.00,/penguins106.jpg
Adelie,Dream,42.10,20.20,240.00,6157.00,male,squid,adult,overweight,2021.00,/penguins107.jpg
Adelie,Dream,37.70,23.80,214.00,6280.00,male,squid,adult,overweight,2021.00,/penguins108.jpg
Adelie,Torgensen,44.10,17.20,209.00,5344.00,female,fish,juvenile,overweight,2021.00,/penguins109.jpg
Adelie,Torgensen,40.60,18.00,209.00,5121.00,female,fish,juvenile,overweight,2021.00,/penguins110.jpg
Adelie,Torgensen,49.20,16.60,224.00,5126.00,female,fish,adult,overweight,2021.00,/penguins111.jpg
Adelie,Torgensen,52.60,19.50,255.00,4995.00,female,fish,adult,healthy,2021.00,/penguins112.jpg
Adelie,Torgensen,45.40,14.70,254.00,5732.00,female,fish,adult,overweight,2021.00,/penguins113.jpg
Adelie,Torgensen,43.40,14.50,267.00,6476.00,male,fish,adult,overweight,2021.00,/penguins114.jpg
Adelie,Torgensen,52.50,23.20,212.00,6019.00,male,fish,juvenile,overweight,2021.00,/penguins115.jpg
Adelie,Torgensen,63.20,22.40,271.00,5496.00,male,fish,adult,healthy,2021.00,/penguins116.jpg
Adelie,Torgensen,34.80,21.00,259.00,6064.00,male,fish,juvenile,overweight,2021.00,/penguins117.jpg
Adelie,Torgensen,48.50,17.40,255.00,7028.00,male,fish,adult,overweight,2021.00,/penguins118.jpg
Adelie,Torgensen,65.20,16.90,240.00,6735.00,male,fish,adult,overweight,2021.00,/penguins119.jpg
Adelie,Torgensen,21.80,18.10,177.00,4146.00,female,krill,juvenile,healthy,2021.00,/penguins120.jpg
Adelie,Torgensen,27.00,17.30,194.00,3973.00,female,krill,adult,underweight,2021.00,/penguins121.jpg
Adelie,Torgensen,28.80,17.70,213.00,4301.00,male,krill,juvenile,underweight,2021.00,/penguins122.jpg
Adelie,Torgensen,24.60,19.90,196.00,4272.00,female,krill,juvenile,healthy,2021.00,/penguins123.jpg
Adelie,Torgensen,26.40,21.50,193.00,3966.00,female,krill,juvenile,healthy,2021.00,/penguins124.jpg
Adelie,Torgensen,24.90,21.20,217.00,4716.00,female,krill,adult,healthy,2021.00,/penguins125.jpg
Adelie,Torgensen,28.60,18.50,180.00,3826.00,female,krill,juvenile,healthy,2021.00,/penguins126.jpg
Adelie,Torgensen,19.80,17.60,166.00,3713.00,female,krill,juvenile,healthy,2021.00,/penguins127.jpg
Adelie,Torgensen,33.10,17.20,179.00,3822.00,female,krill,juvenile,healthy,2021.00,/penguins128.jpg
Adelie,Torgensen,29.20,17.20,200.00,3598.00,female,krill,juvenile,underweight,2021.00,/penguins129.jpg
Adelie,Torgensen,21.90,17.20,172.00,3615.00,female,krill,juvenile,underweight,2021.00,/penguins130.jpg
Adelie,Torgensen,31.60,18.60,205.00,5467.00,female,krill,adult,overweight,2021.00,/penguins131.jpg
Adelie,Torgensen,23.00,18.10,192.00,5110.00,female,krill,adult,overweight,2021.00,/penguins132.jpg
Adelie,Torgensen,26.70,17.70,229.00,4103.00,male,krill,adult,underweight,2021.00,/penguins133.jpg
Adelie,Torgensen,32.30,15.00,178.00,4784.00,male,krill,juvenile,healthy,2021.00,/penguins134.jpg
Adelie,Torgensen,23.00,19.80,221.00,6440.00,male,krill,adult,overweight,2021.00,/penguins135.jpg
Adelie,Torgensen,31.00,20.60,218.00,4968.00,male,krill,adult,underweight,2021.00,/penguins136.jpg
Adelie,Torgensen,28.30,21.20,214.00,5041.00,male,krill,adult,underweight,2021.00,/penguins137.jpg
Adelie,Torgensen,21.80,21.30,225.00,4815.00,male,krill,juvenile,healthy,2021.00,/penguins138.jpg
Adelie,Torgensen,37.60,21.80,233.00,5541.00,male,krill,adult,healthy,2021.00,/penguins139.jpg
Adelie,Torgensen,18.00,14.40,208.00,3801.00,male,krill,juvenile,underweight,2021.00,/penguins140.jpg
Adelie,Torgensen,35.90,13.90,168.00,3148.00,female,parental,chick,healthy,2021.00,/penguins141.jpg
Adelie,Torgensen,27.00,13.60,172.00,3234.00,female,parental,chick,overweight,2021.00,/penguins142.jpg
Adelie,Torgensen,26.60,13.80,201.00,3246.00,female,parental,chick,overweight,2021.00,/penguins143.jpg
Adelie,Torgensen,29.10,13.50,170.00,3004.00,female,parental,chick,healthy,2021.00,/penguins144.jpg
Adelie,Torgensen,31.10,18.70,169.00,2927.00,female,parental,chick,healthy,2021.00,/penguins145.jpg
Adelie,Torgensen,29.30,12.60,162.00,2982.00,female,parental,chick,healthy,2021.00,/penguins146.jpg
Adelie,Torgensen,35.10,14.70,171.00,3110.00,female,parental,chick,healthy,2021.00,/penguins147.jpg
Adelie,Torgensen,29.30,11.60,169.00,3055.00,female,parental,chick,healthy,2021.00,/penguins148.jpg
Adelie,Torgensen,36.80,14.00,192.00,3155.00,male,parental,chick,underweight,2021.00,/penguins149.jpg
Adelie,Torgensen,26.30,16.60,163.00,3939.00,male,parental,chick,overweight,2021.00,/penguins150.jpg
Adelie,Torgensen,39.20,18.50,184.00,4068.00,male,parental,chick,overweight,2021.00,/penguins151.jpg
Adelie,Torgensen,32.60,13.70,173.00,3623.00,male,parental,chick,healthy,2021.00,/penguins152.jpg
Adelie,Torgensen,34.00,19.60,208.00,3347.00,male,parental,chick,underweight,2021.00,/penguins153.jpg
Adelie,Torgensen,35.90,16.80,194.00,4113.00,male,parental,chick,overweight,2021.00,/penguins154.jpg
Adelie,Torgensen,45.00,16.80,228.00,4846.00,male,squid,juvenile,healthy,2021.00,/penguins155.jpg
Adelie,Torgensen,44.70,16.30,204.00,5096.00,male,squid,juvenile,healthy,2021.00,/penguins156.jpg
Adelie,Torgensen,41.10,21.50,266.00,4414.00,male,squid,adult,underweight,2021.00,/penguins157.jpg
Chinstrap,Dream,60.40,15.10,220.00,7061.00,female,fish,adult,overweight,2021.00,/penguins158.jpg
Chinstrap,Dream,50.90,18.50,235.00,5469.00,female,fish,adult,healthy,2021.00,/penguins159.jpg
Chinstrap,Dream,49.30,22.50,236.00,5080.00,female,fish,adult,healthy,2021.00,/penguins1.jpg
Chinstrap,Dream,38.80,17.80,195.00,4830.00,female,fish,juvenile,overweight,2021.00,/penguins2.jpg
Chinstrap,Dream,54.30,22.00,236.00,6431.00,female,fish,adult,overweight,2021.00,/penguins3.jpg
Chinstrap,Dream,59.90,23.30,213.00,6305.00,female,fish,adult,overweight,2021.00,/penguins4.jpg
Chinstrap,Dream,56.20,19.20,191.00,5473.00,female,fish,juvenile,overweight,2021.00,/penguins5.jpg
Chinstrap,Dream,53.40,20.30,204.00,4543.00,female,fish,juvenile,healthy,2021.00,/penguins6.jpg
Chinstrap,Dream,54.50,20.00,257.00,6628.00,male,fish,adult,overweight,2021.00,/penguins7.jpg
Chinstrap,Dream,59.30,20.40,299.00,7212.00,male,fish,adult,overweight,2021.00,/penguins8.jpg
Chinstrap,Dream,70.90,25.40,253.00,6798.00,male,fish,adult,overweight,2021.00,/penguins9.jpg
Chinstrap,Dream,62.10,17.50,232.00,5848.00,male,fish,juvenile,overweight,2021.00,/penguins10.jpg
Chinstrap,Dream,62.90,16.40,246.00,6423.00,male,fish,juvenile,overweight,2021.00,/penguins11.jpg
Chinstrap,Dream,62.10,20.30,269.00,7121.00,male,fish,adult,overweight,2021.00,/penguins12.jpg
Chinstrap,Dream,21.50,17.10,162.00,3947.00,female,krill,juvenile,healthy,2021.00,/penguins13.jpg
Chinstrap,Dream,30.20,15.40,190.00,4103.00,female,krill,juvenile,healthy,2021.00,/penguins14.jpg
Chinstrap,Dream,26.70,20.00,186.00,3745.00,female,krill,juvenile,underweight,2021.00,/penguins15.jpg
Chinstrap,Dream,25.70,21.40,180.00,3140.00,female,krill,juvenile,underweight,2021.00,/penguins16.jpg
Chinstrap,Dream,26.20,17.20,189.00,5080.00,female,krill,adult,healthy,2021.00,/penguins17.jpg
Chinstrap,Dream,23.10,22.30,202.00,4478.00,female,krill,juvenile,healthy,2021.00,/penguins18.jpg
Chinstrap,Dream,28.30,19.50,180.00,3766.00,female,krill,juvenile,underweight,2021.00,/penguins19.jpg
Chinstrap,Dream,35.90,20.50,198.00,4197.00,female,krill,adult,underweight,2021.00,/penguins20.jpg
Chinstrap,Dream,31.10,17.00,194.00,4458.00,female,krill,adult,underweight,2021.00,/penguins21.jpg
Chinstrap,Dream,23.60,14.70,187.00,4157.00,female,krill,juvenile,healthy,2021.00,/penguins22.jpg
Chinstrap,Dream,27.90,17.90,188.00,3579.00,female,krill,juvenile,underweight,2021.00,/penguins23.jpg
Chinstrap,Dream,42.20,19.70,195.00,5038.00,female,krill,adult,healthy,2021.00,/penguins24.jpg
Chinstrap,Dream,33.80,17.40,169.00,3977.00,female,krill,juvenile,healthy,2021.00,/penguins25.jpg
Chinstrap,Dream,34.10,20.10,218.00,4528.00,female,krill,adult,healthy,2021.00,/penguins26.jpg
Chinstrap,Dream,27.30,16.60,190.00,3794.00,female,krill,juvenile,underweight,2021.00,/penguins27.jpg
Chinstrap,Dream,28.40,17.60,191.00,3987.00,female,krill,juvenile,healthy,2021.00,/penguins28.jpg
Chinstrap,Dream,28.50,18.00,172.00,3804.00,female,krill,juvenile,underweight,2021.00,/penguins29.jpg
Chinstrap,Dream,30.80,23.10,179.00,3403.00,female,krill,juvenile,underweight,2021.00,/penguins30.jpg
Chinstrap,Dream,30.80,13.50,186.00,4780.00,female,krill,juvenile,overweight,2021.00,/penguins31.jpg
Chinstrap,Dream,18.70,18.80,169.00,4079.00,female,krill,juvenile,healthy,2021.00,/penguins32.jpg
Chinstrap,Dream,29.50,20.20,194.00,5781.00,female,krill,adult,overweight,2021.00,/penguins33.jpg
Chinstrap,Dream,31.40,18.00,173.00,3946.00,female,krill,juvenile,healthy,2021.00,/penguins34.jpg
Chinstrap,Dream,28.50,20.00,225.00,4705.00,male,krill,juvenile,healthy,2021.00,/penguins35.jpg
Chinstrap,Dream,34.00,21.40,215.00,4634.00,male,krill,adult,underweight,2021.00,/penguins36.jpg
Chinstrap,Dream,31.80,19.60,194.00,4822.00,male,krill,juvenile,healthy,2021.00,/penguins37.jpg
Chinstrap,Dream,30.80,19.70,213.00,6254.00,male,krill,adult,healthy,2021.00,/penguins38.jpg
Chinstrap,Dream,32.20,20.70,254.00,4779.00,male,krill,adult,underweight,2021.00,/penguins39.jpg
Chinstrap,Dream,35.10,18.50,215.00,4591.00,male,krill,juvenile,underweight,2021.00,/penguins40.jpg
Chinstrap,Dream,27.70,20.40,222.00,5602.00,male,krill,juvenile,overweight,2021.00,/penguins41.jpg
Chinstrap,Dream,33.40,21.40,206.00,5189.00,male,krill,adult,underweight,2021.00,/penguins42.jpg
Chinstrap,Dream,27.40,16.50,201.00,3973.00,male,krill,juvenile,underweight,2021.00,/penguins43.jpg
Chinstrap,Dream,28.70,18.80,217.00,4505.00,male,krill,juvenile,underweight,2021.00,/penguins44.jpg
Chinstrap,Dream,32.30,16.20,171.00,2963.00,female,parental,chick,healthy,2021.00,/penguins45.jpg
Chinstrap,Dream,33.40,11.70,163.00,3071.00,female,parental,chick,healthy,2021.00,/penguins46.jpg
Chinstrap,Dream,32.70,20.00,184.00,3089.00,female,parental,chick,healthy,2021.00,/penguins47.jpg
Chinstrap,Dream,31.90,14.50,166.00,3732.00,female,parental,chick,overweight,2021.00,/penguins48.jpg
Chinstrap,Dream,32.60,13.70,159.00,3392.00,female,parental,chick,healthy,2021.00,/penguins49.jpg
Chinstrap,Dream,30.60,18.30,174.00,3170.00,female,parental,chick,healthy,2021.00,/penguins50.jpg
Chinstrap,Dream,30.30,13.70,175.00,3312.00,female,parental,chick,healthy,2021.00,/penguins51.jpg
Chinstrap,Dream,32.40,16.40,178.00,3430.00,female,parental,chick,healthy,2021.00,/penguins52.jpg
Chinstrap,Dream,24.00,13.70,183.00,3272.00,female,parental,chick,healthy,2021.00,/penguins53.jpg
Chinstrap,Dream,33.40,16.10,200.00,3522.00,male,parental,chick,underweight,2021.00,/penguins54.jpg
Chinstrap,Dream,31.50,15.40,171.00,3528.00,male,parental,chick,underweight,2021.00,/penguins55.jpg
Chinstrap,Dream,29.20,19.60,192.00,3859.00,male,parental,chick,healthy,2021.00,/penguins56.jpg
Chinstrap,Dream,36.60,16.90,190.00,3549.00,male,parental,chick,underweight,2021.00,/penguins57.jpg
Chinstrap,Dream,44.10,17.20,208.00,3588.00,male,parental,chick,underweight,2021.00,/penguins58.jpg
Chinstrap,Dream,31.00,16.90,195.00,3765.00,male,parental,chick,healthy,2021.00,/penguins59.jpg
Chinstrap,Dream,35.90,16.20,184.00,3611.00,male,parental,chick,healthy,2021.00,/penguins60.jpg
Chinstrap,Dream,31.80,16.30,181.00,3914.00,male,parental,chick,healthy,2021.00,/penguins61.jpg
Chinstrap,Dream,39.90,17.00,161.00,3829.00,male,parental,chick,healthy,2021.00,/penguins62.jpg
Chinstrap,Dream,38.30,11.10,170.00,3972.00,male,parental,chick,healthy,2021.00,/penguins63.jpg
Chinstrap,Dream,36.10,16.70,184.00,3692.00,male,parental,chick,healthy,2021.00,/penguins64.jpg
Chinstrap,Dream,38.50,18.50,219.00,5464.00,female,squid,adult,healthy,2021.00,/penguins65.jpg
Chinstrap,Dream,40.80,17.80,192.00,5345.00,male,squid,juvenile,healthy,2021.00,/penguins66.jpg
Chinstrap,Dream,53.40,23.40,221.00,7663.00,male,squid,adult,overweight,2021.00,/penguins67.jpg
Chinstrap,Dream,64.10,17.90,219.00,5762.00,male,squid,adult,healthy,2021.00,/penguins68.jpg
Gentoo,Biscoe,51.30,23.30,231.00,5536.00,female,fish,adult,healthy,2021.00,/penguins69.jpg
Gentoo,Biscoe,56.80,20.60,246.00,5718.00,female,fish,adult,healthy,2021.00,/penguins70.jpg
Gentoo,Biscoe,66.50,24.00,259.00,6711.00,female,fish,adult,overweight,2021.00,/penguins71.jpg
Gentoo,Biscoe,56.90,21.60,204.00,6499.00,female,fish,adult,overweight,2021.00,/penguins72.jpg
Gentoo,Biscoe,50.20,18.70,214.00,5733.00,female,fish,juvenile,overweight,2021.00,/penguins73.jpg
Gentoo,Biscoe,42.90,18.80,192.00,5174.00,female,fish,juvenile,overweight,2021.00,/penguins74.jpg
Gentoo,Biscoe,48.00,20.00,246.00,5118.00,female,fish,juvenile,overweight,2021.00,/penguins75.jpg
Gentoo,Biscoe,51.80,21.20,212.00,5297.00,female,fish,juvenile,overweight,2021.00,/penguins76.jpg
Gentoo,Biscoe,61.40,22.00,231.00,6412.00,female,fish,adult,overweight,2021.00,/penguins77.jpg
Gentoo,Biscoe,40.50,21.50,239.00,5883.00,female,fish,adult,healthy,2021.00,/penguins78.jpg
Gentoo,Biscoe,73.60,21.10,245.00,5092.00,female,fish,adult,healthy,2021.00,/penguins79.jpg
Gentoo,Biscoe,70.70,22.40,251.00,6072.00,female,fish,adult,healthy,2021.00,/penguins80.jpg
Gentoo,Biscoe,71.90,19.70,243.00,6882.00,female,fish,adult,overweight,2021.00,/penguins81.jpg
Gentoo,Biscoe,55.40,18.00,238.00,7492.00,female,fish,adult,overweight,2021.00,/penguins82.jpg
Gentoo,Biscoe,47.10,19.40,220.00,4919.00,female,fish,juvenile,overweight,2021.00,/penguins83.jpg
Gentoo,Biscoe,55.90,19.00,260.00,6275.00,female,fish,adult,overweight,2021.00,/penguins84.jpg
Gentoo,Biscoe,62.40,16.00,250.00,4356.00,female,fish,juvenile,healthy,2021.00,/penguins85.jpg
Gentoo,Biscoe,62.40,24.20,204.00,7023.00,female,fish,adult,overweight,2021.00,/penguins86.jpg
Gentoo,Biscoe,47.90,12.40,235.00,5701.00,female,fish,juvenile,overweight,2021.00,/penguins87.jpg
Gentoo,Biscoe,57.70,22.20,250.00,7281.00,female,fish,adult,overweight,2021.00,/penguins88.jpg
Gentoo,Biscoe,66.50,18.90,238.00,7521.00,female,fish,adult,overweight,2021.00,/penguins89.jpg
Gentoo,Biscoe,65.00,19.40,242.00,6492.00,female,fish,adult,overweight,2021.00,/penguins90.jpg
Gentoo,Biscoe,69.70,21.90,202.00,7522.00,female,fish,adult,overweight,2021.00,/penguins91.jpg
Gentoo,Biscoe,60.50,25.70,274.00,6907.00,female,fish,adult,overweight,2021.00,/penguins92.jpg
Gentoo,Biscoe,65.80,20.40,212.00,5122.00,female,fish,juvenile,overweight,2021.00,/penguins93.jpg
Gentoo,Biscoe,49.90,17.00,245.00,5555.00,female,fish,juvenile,overweight,2021.00,/penguins94.jpg
Gentoo,Biscoe,49.00,20.90,250.00,7035.00,female,fish,adult,overweight,2021.00,/penguins95.jpg
Gentoo,Biscoe,49.70,18.40,213.00,4849.00,female,fish,juvenile,healthy,2021.00,/penguins96.jpg
Gentoo,Biscoe,47.60,15.60,247.00,6343.00,male,fish,juvenile,overweight,2021.00,/penguins97.jpg
Gentoo,Biscoe,57.90,18.70,226.00,6333.00,male,fish,juvenile,overweight,2021.00,/penguins98.jpg
Gentoo,Biscoe,46.90,19.60,248.00,7041.00,male,fish,juvenile,overweight,2021.00,/penguins99.jpg
Gentoo,Biscoe,48.90,20.70,238.00,6418.00,male,fish,juvenile,overweight,2021.00,/penguins100.jpg
Gentoo,Biscoe,56.90,24.10,250.00,5729.00,male,fish,juvenile,healthy,2021.00,/penguins101.jpg
Gentoo,Biscoe,46.20,23.20,229.00,5908.00,male,fish,juvenile,overweight,2021.00,/penguins102.jpg
Gentoo,Biscoe,62.50,15.70,229.00,4686.00,male,fish,juvenile,underweight,2021.00,/penguins103.jpg
Gentoo,Biscoe,53.20,24.30,270.00,8754.00,male,fish,adult,overweight,2021.00,/penguins104.jpg
Gentoo,Biscoe,66.80,20.80,247.00,7598.00,male,fish,adult,overweight,2021.00,/penguins105.jpg
Gentoo,Biscoe,60.30,19.90,259.00,7350.00,male,fish,juvenile,overweight,2021.00,/penguins106.jpg
Gentoo,Biscoe,58.70,23.20,249.00,7082.00,male,fish,adult,healthy,2021.00,/penguins107.jpg
Gentoo,Biscoe,49.50,19.50,222.00,6059.00,male,fish,juvenile,overweight,2021.00,/penguins108.jpg
Gentoo,Biscoe,88.20,22.60,249.00,8873.00,male,fish,adult,overweight,2021.00,/penguins109.jpg
Gentoo,Biscoe,71.50,24.00,267.00,7926.00,male,fish,adult,overweight,2021.00,/penguins110.jpg
Gentoo,Biscoe,58.50,26.60,296.00,8635.00,male,fish,adult,overweight,2021.00,/penguins111.jpg
Gentoo,Biscoe,60.80,22.90,254.00,8489.00,male,fish,adult,overweight,2021.00,/penguins112.jpg
Gentoo,Biscoe,63.80,19.80,247.00,6342.00,male,fish,juvenile,overweight,2021.00,/penguins113.jpg
Gentoo,Biscoe,50.30,18.90,251.00,7279.00,male,fish,juvenile,overweight,2021.00,/penguins114.jpg
Gentoo,Biscoe,59.20,19.00,260.00,10415.00,male,fish,adult,overweight,2021.00,/penguins115.jpg
Gentoo,Biscoe,45.00,19.20,228.00,6217.00,male,fish,juvenile,overweight,2021.00,/penguins116.jpg
Gentoo,Biscoe,52.90,19.50,233.00,6845.00,male,fish,juvenile,overweight,2021.00,/penguins117.jpg
Gentoo,Biscoe,24.40,19.20,161.00,3945.00,female,krill,juvenile,underweight,2021.00,/penguins118.jpg
Gentoo,Biscoe,22.70,22.80,182.00,3873.00,female,krill,juvenile,underweight,2021.00,/penguins119.jpg
Gentoo,Biscoe,26.90,19.90,167.00,5009.00,female,krill,juvenile,overweight,2021.00,/penguins120.jpg
Gentoo,Biscoe,27.60,20.00,196.00,4192.00,female,krill,juvenile,healthy,2021.00,/penguins121.jpg
Gentoo,Biscoe,25.10,20.10,176.00,3713.00,female,krill,juvenile,underweight,2021.00,/penguins122.jpg
Gentoo,Biscoe,24.30,19.30,192.00,4161.00,female,krill,juvenile,healthy,2021.00,/penguins123.jpg
Gentoo,Biscoe,27.70,20.50,219.00,4653.00,female,krill,adult,underweight,2021.00,/penguins124.jpg
Gentoo,Biscoe,44.90,21.20,206.00,4889.00,female,krill,adult,underweight,2021.00,/penguins125.jpg
Gentoo,Biscoe,26.20,21.50,228.00,5547.00,female,krill,adult,healthy,2021.00,/penguins126.jpg
Gentoo,Biscoe,35.80,20.90,231.00,5549.00,female,krill,adult,healthy,2021.00,/penguins127.jpg
Gentoo,Biscoe,30.80,23.50,195.00,4580.00,female,krill,adult,underweight,2021.00,/penguins128.jpg
Gentoo,Biscoe,36.20,23.30,202.00,4726.00,female,krill,adult,underweight,2021.00,/penguins129.jpg
Gentoo,Biscoe,26.80,16.60,188.00,4073.00,female,krill,juvenile,underweight,2021.00,/penguins130.jpg
Gentoo,Biscoe,28.10,20.90,185.00,4479.00,female,krill,juvenile,healthy,2021.00,/penguins131.jpg
Gentoo,Biscoe,35.00,19.00,196.00,4568.00,female,krill,juvenile,healthy,2021.00,/penguins132.jpg
Gentoo,Biscoe,30.40,18.40,165.00,4849.00,female,krill,juvenile,healthy,2021.00,/penguins133.jpg
Gentoo,Biscoe,25.50,22.40,200.00,4712.00,female,krill,adult,underweight,2021.00,/penguins134.jpg
Gentoo,Biscoe,39.00,19.60,164.00,3606.00,female,krill,juvenile,underweight,2021.00,/penguins135.jpg
Gentoo,Biscoe,27.70,17.20,189.00,4612.00,female,krill,juvenile,healthy,2021.00,/penguins136.jpg
Gentoo,Biscoe,24.30,20.60,225.00,4778.00,female,krill,juvenile,healthy,2021.00,/penguins137.jpg
Gentoo,Biscoe,23.20,18.80,187.00,3846.00,female,krill,juvenile,underweight,2021.00,/penguins138.jpg
Gentoo,Biscoe,25.10,20.60,183.00,5155.00,female,krill,juvenile,overweight,2021.00,/penguins139.jpg
Gentoo,Biscoe,27.80,19.00,206.00,4121.00,female,krill,juvenile,healthy,2021.00,/penguins140.jpg
Gentoo,Biscoe,22.40,20.60,186.00,4269.00,female,krill,juvenile,healthy,2021.00,/penguins141.jpg
Gentoo,Biscoe,26.30,20.90,191.00,3598.00,female,krill,juvenile,underweight,2021.00,/penguins142.jpg
Gentoo,Biscoe,24.40,22.30,214.00,4183.00,male,krill,juvenile,underweight,2021.00,/penguins143.jpg
Gentoo,Biscoe,26.90,23.80,215.00,5624.00,male,krill,juvenile,healthy,2021.00,/penguins144.jpg
Gentoo,Biscoe,39.60,19.60,225.00,6926.00,male,krill,adult,healthy,2021.00,/penguins145.jpg
Gentoo,Biscoe,27.20,19.50,183.00,4812.00,male,krill,juvenile,underweight,2021.00,/penguins146.jpg
Gentoo,Biscoe,33.20,20.20,173.00,4754.00,male,krill,juvenile,underweight,2021.00,/penguins147.jpg
Gentoo,Biscoe,39.00,23.00,213.00,5901.00,male,krill,adult,underweight,2021.00,/penguins148.jpg
Gentoo,Biscoe,28.90,19.80,211.00,5548.00,male,krill,juvenile,healthy,2021.00,/penguins149.jpg
Gentoo,Biscoe,34.80,20.80,214.00,4912.00,male,krill,juvenile,underweight,2021.00,/penguins150.jpg
Gentoo,Biscoe,36.50,17.70,219.00,4857.00,male,krill,juvenile,underweight,2021.00,/penguins151.jpg
Gentoo,Biscoe,26.90,26.40,232.00,5880.00,male,krill,adult,underweight,2021.00,/penguins152.jpg
Gentoo,Biscoe,29.30,17.00,230.00,4562.00,male,krill,juvenile,underweight,2021.00,/penguins153.jpg
Gentoo,Biscoe,26.90,17.90,222.00,4447.00,male,krill,juvenile,underweight,2021.00,/penguins154.jpg
Gentoo,Biscoe,49.00,24.50,238.00,5839.00,male,krill,adult,underweight,2021.00,/penguins155.jpg
Gentoo,Biscoe,33.80,18.50,216.00,4385.00,male,krill,juvenile,underweight,2021.00,/penguins156.jpg
Gentoo,Biscoe,43.60,23.10,219.00,5285.00,male,krill,adult,underweight,2021.00,/penguins157.jpg
Gentoo,Biscoe,39.80,15.00,186.00,3155.00,female,parental,chick,underweight,2021.00,/penguins158.jpg
Gentoo,Biscoe,39.00,18.00,170.00,3487.00,female,parental,chick,healthy,2021.00,/penguins159.jpg
Gentoo,Biscoe,32.50,20.00,182.00,3212.00,female,parental,chick,healthy,2021.00,/penguins1.jpg
Gentoo,Biscoe,38.10,16.40,166.00,3453.00,female,parental,chick,healthy,2021.00,/penguins2.jpg
Gentoo,Biscoe,34.10,13.50,188.00,3640.00,female,parental,chick,healthy,2021.00,/penguins3.jpg
Gentoo,Biscoe,31.90,15.60,168.00,3088.00,female,parental,chick,underweight,2021.00,/penguins4.jpg
Gentoo,Biscoe,43.60,16.30,186.00,3487.00,female,parental,chick,healthy,2021.00,/penguins5.jpg
Gentoo,Biscoe,38.20,14.00,181.00,3622.00,female,parental,chick,healthy,2021.00,/penguins6.jpg
Gentoo,Biscoe,26.60,18.00,190.00,3621.00,female,parental,chick,healthy,2021.00,/penguins7.jpg
Gentoo,Biscoe,34.40,18.50,178.00,4076.00,female,parental,chick,overweight,2021.00,/penguins8.jpg
Gentoo,Biscoe,32.40,15.60,188.00,3277.00,female,parental,chick,healthy,2021.00,/penguins9.jpg
Gentoo,Biscoe,33.90,18.70,182.00,3499.00,female,parental,chick,healthy,2021.00,/penguins10.jpg
Gentoo,Biscoe,37.60,15.20,184.00,4024.00,female,parental,chick,overweight,2021.00,/penguins11.jpg
Gentoo,Biscoe,36.50,14.30,162.00,3088.00,female,parental,chick,underweight,2021.00,/penguins12.jpg
Gentoo,Biscoe,42.20,14.90,174.00,2811.00,female,parental,chick,underweight,2021.00,/penguins13.jpg
Gentoo,Biscoe,41.10,15.30,178.00,3661.00,female,parental,chick,healthy,2021.00,/penguins14.jpg
Gentoo,Biscoe,28.90,18.60,194.00,3813.00,female,parental,chick,overweight,2021.00,/penguins15.jpg
Gentoo,Biscoe,34.50,18.10,184.00,2867.00,female,parental,chick,underweight,2021.00,/penguins16.jpg
Gentoo,Biscoe,27.50,15.80,180.00,4016.00,male,parental,chick,healthy,2021.00,/penguins17.jpg
Gentoo,Biscoe,26.60,21.70,187.00,4309.00,male,parental,chick,healthy,2021.00,/penguins18.jpg
Gentoo,Biscoe,46.50,15.10,198.00,4567.00,male,parental,chick,overweight,2021.00,/penguins19.jpg
Gentoo,Biscoe,42.30,22.60,186.00,4384.00,male,parental,chick,healthy,2021.00,/penguins20.jpg
Gentoo,Biscoe,41.80,17.10,196.00,4077.00,male,parental,chick,healthy,2021.00,/penguins21.jpg
Gentoo,Biscoe,35.80,17.30,214.00,4297.00,male,parental,chick,healthy,2021.00,/penguins22.jpg
Gentoo,Biscoe,45.60,16.60,215.00,3594.00,male,parental,chick,underweight,2021.00,/penguins23.jpg
Gentoo,Biscoe,41.60,17.80,188.00,4430.00,male,parental,chick,healthy,2021.00,/penguins24.jpg
Gentoo,Biscoe,42.80,18.60,204.00,4563.00,male,parental,chick,overweight,2021.00,/penguins25.jpg
Gentoo,Biscoe,54.00,16.50,197.00,4235.00,male,parental,chick,healthy,2021.00,/penguins26.jpg
Gentoo,Biscoe,27.50,17.70,205.00,4591.00,male,parental,chick,overweight,2021.00,/penguins27.jpg
Gentoo,Biscoe,38.80,16.20,202.00,3235.00,male,parental,chick,underweight,2021.00,/penguins28.jpg
Gentoo,Biscoe,38.40,18.40,205.00,4531.00,male,parental,chick,overweight,2021.00,/penguins29.jpg
Gentoo,Biscoe,35.50,18.90,194.00,4148.00,male,parental,chick,healthy,2021.00,/penguins30.jpg
Gentoo,Biscoe,50.20,16.80,241.00,4411.00,female,squid,juvenile,healthy,2021.00,/penguins31.jpg
Gentoo,Biscoe,43.20,24.20,201.00,5891.00,female,squid,adult,healthy,2021.00,/penguins32.jpg
Gentoo,Biscoe,46.00,16.30,194.00,4751.00,female,squid,juvenile,healthy,2021.00,/penguins33.jpg
Gentoo,Biscoe,46.80,24.80,248.00,7400.00,male,squid,adult,overweight,2021.00,/penguins34.jpg
Gentoo,Biscoe,43.20,18.40,225.00,5363.00,male,squid,juvenile,healthy,2021.00,/penguins35.jpg
Gentoo,Biscoe,51.00,18.80,237.00,6788.00,male,squid,adult,healthy,2021.00,/penguins36.jpg
Gentoo,Biscoe,51.60,22.90,248.00,6283.00,male,squid,adult,healthy,2021.00,/penguins37.jpg
Gentoo,Biscoe,45.60,21.90,256.00,6805.00,male,squid,adult,healthy,2021.00,/penguins38.jpg
Adelie,Biscoe,55.50,19.30,222.00,6257.00,female,fish,adult,overweight,2022.00,/penguins39.jpg
Adelie,Biscoe,54.30,16.20,236.00,5352.00,female,fish,adult,overweight,2022.00,/penguins40.jpg
Adelie,Biscoe,52.60,18.50,246.00,5419.00,female,fish,adult,overweight,2022.00,/penguins41.jpg
Adelie,Biscoe,49.70,18.10,205.00,4659.00,female,fish,juvenile,overweight,2022.00,/penguins42.jpg
Adelie,Biscoe,35.50,22.10,223.00,4766.00,female,fish,juvenile,overweight,2022.00,/penguins43.jpg
Adelie,Biscoe,66.90,20.70,252.00,5496.00,female,fish,adult,overweight,2022.00,/penguins44.jpg
Adelie,Biscoe,45.50,16.60,197.00,4629.00,female,fish,juvenile,overweight,2022.00,/penguins45.jpg
Adelie,Biscoe,60.00,15.70,194.00,4472.00,female,fish,juvenile,overweight,2022.00,/penguins46.jpg
Adelie,Biscoe,52.80,19.90,238.00,5756.00,female,fish,adult,overweight,2022.00,/penguins47.jpg
Adelie,Biscoe,51.90,17.30,241.00,5283.00,female,fish,adult,overweight,2022.00,/penguins48.jpg
Adelie,Biscoe,52.00,19.30,193.00,4568.00,female,fish,adult,healthy,2022.00,/penguins49.jpg
Adelie,Biscoe,40.60,17.60,202.00,5324.00,female,fish,juvenile,overweight,2022.00,/penguins50.jpg
Adelie,Biscoe,37.60,16.60,207.00,4597.00,female,fish,juvenile,overweight,2022.00,/penguins51.jpg
Adelie,Biscoe,38.70,20.90,230.00,6095.00,female,fish,adult,overweight,2022.00,/penguins52.jpg
Adelie,Biscoe,40.30,16.80,222.00,5088.00,female,fish,juvenile,overweight,2022.00,/penguins53.jpg
Adelie,Biscoe,56.30,16.10,211.00,4013.00,female,fish,juvenile,healthy,2022.00,/penguins54.jpg
Adelie,Biscoe,59.90,16.60,232.00,5641.00,male,fish,juvenile,overweight,2022.00,/penguins55.jpg
Adelie,Biscoe,43.50,17.10,232.00,6367.00,male,fish,adult,overweight,2022.00,/penguins56.jpg
Adelie,Biscoe,49.90,23.50,236.00,6618.00,male,fish,adult,overweight,2022.00,/penguins57.jpg
Adelie,Biscoe,59.30,22.40,232.00,6095.00,male,fish,adult,overweight,2022.00,/penguins58.jpg
Adelie,Biscoe,45.40,18.70,218.00,6276.00,male,fish,juvenile,overweight,2022.00,/penguins59.jpg
Adelie,Biscoe,50.60,17.40,183.00,5753.00,male,fish,juvenile,overweight,2022.00,/penguins60.jpg
Adelie,Biscoe,44.50,17.80,198.00,5954.00,male,fish,juvenile,overweight,2022.00,/penguins61.jpg
Adelie,Biscoe,54.60,20.20,238.00,7247.00,male,fish,adult,overweight,2022.00,/penguins62.jpg
Adelie,Biscoe,46.10,17.90,231.00,7075.00,male,fish,juvenile,overweight,2022.00,/penguins63.jpg
Adelie,Biscoe,60.80,15.30,248.00,6039.00,male,fish,juvenile,overweight,2022.00,/penguins64.jpg
Adelie,Biscoe,70.20,22.00,254.00,6157.00,male,fish,adult,overweight,2022.00,/penguins65.jpg
Adelie,Biscoe,49.40,17.80,224.00,6569.00,male,fish,juvenile,overweight,2022.00,/penguins66.jpg
Adelie,Biscoe,48.80,18.90,283.00,6820.00,male,fish,adult,overweight,2022.00,/penguins67.jpg
Adelie,Biscoe,70.60,21.20,244.00,5853.00,male,fish,adult,healthy,2022.00,/penguins68.jpg
Adelie,Biscoe,42.60,20.10,239.00,6561.00,male,fish,juvenile,overweight,2022.00,/penguins69.jpg
Adelie,Biscoe,38.70,20.90,201.00,4884.00,male,fish,juvenile,healthy,2022.00,/penguins70.jpg
Adelie,Biscoe,29.30,16.70,174.00,4124.00,female,krill,juvenile,healthy,2022.00,/penguins71.jpg
Adelie,Biscoe,23.50,17.30,210.00,3610.00,female,krill,juvenile,underweight,2022.00,/penguins72.jpg
Adelie,Biscoe,18.20,13.50,167.00,3489.00,female,krill,juvenile,underweight,2022.00,/penguins73.jpg
Adelie,Biscoe,26.20,19.80,180.00,3833.00,female,krill,juvenile,healthy,2022.00,/penguins74.jpg
Adelie,Biscoe,32.20,15.30,171.00,3944.00,female,krill,juvenile,healthy,2022.00,/penguins75.jpg
Adelie,Biscoe,31.10,20.20,205.00,5614.00,male,krill,adult,healthy,2022.00,/penguins76.jpg
Adelie,Biscoe,23.70,21.60,187.00,3665.00,female,krill,juvenile,underweight,2022.00,/penguins77.jpg
Adelie,Biscoe,27.40,13.70,203.00,2954.00,female,krill,juvenile,underweight,2022.00,/penguins78.jpg
Adelie,Biscoe,30.90,18.20,199.00,3834.00,female,krill,juvenile,healthy,2022.00,/penguins79.jpg
Adelie,Biscoe,26.90,18.40,199.00,4332.00,female,krill,adult,healthy,2022.00,/penguins80.jpg
Adelie,Biscoe,25.60,18.30,175.00,3259.00,female,krill,juvenile,underweight,2022.00,/penguins81.jpg
Adelie,Biscoe,29.30,20.90,200.00,4071.00,female,krill,adult,underweight,2022.00,/penguins82.jpg
Adelie,Biscoe,25.50,19.80,221.00,3989.00,female,krill,adult,underweight,2022.00,/penguins83.jpg
Adelie,Biscoe,32.90,19.20,195.00,4857.00,female,krill,adult,healthy,2022.00,/penguins84.jpg
Adelie,Biscoe,21.40,16.90,203.00,4366.00,female,krill,adult,healthy,2022.00,/penguins85.jpg
Adelie,Biscoe,21.40,15.00,165.00,3849.00,female,krill,juvenile,healthy,2022.00,/penguins86.jpg
Adelie,Biscoe,33.40,20.60,178.00,5401.00,female,krill,adult,overweight,2022.00,/penguins87.jpg
Adelie,Biscoe,29.30,17.30,189.00,4062.00,female,krill,adult,underweight,2022.00,/penguins88.jpg
Adelie,Biscoe,25.60,19.90,204.00,4066.00,female,krill,adult,underweight,2022.00,/penguins89.jpg
Adelie,Biscoe,26.90,19.60,178.00,3873.00,female,krill,juvenile,healthy,2022.00,/penguins90.jpg
Adelie,Biscoe,29.00,14.40,181.00,3659.00,female,krill,juvenile,underweight,2022.00,/penguins91.jpg
Adelie,Biscoe,25.70,19.60,181.00,4230.00,female,krill,juvenile,healthy,2022.00,/penguins92.jpg
Adelie,Biscoe,29.10,19.50,181.00,3589.00,female,krill,juvenile,underweight,2022.00,/penguins93.jpg
Adelie,Biscoe,30.10,19.70,210.00,3586.00,female,krill,adult,underweight,2022.00,/penguins94.jpg
Adelie,Biscoe,33.50,18.80,239.00,6313.00,male,krill,adult,overweight,2022.00,/penguins95.jpg
Adelie,Biscoe,21.10,17.40,199.00,4678.00,male,krill,juvenile,healthy,2022.00,/penguins96.jpg
Adelie,Biscoe,38.00,20.10,235.00,4941.00,male,krill,adult,underweight,2022.00,/penguins97.jpg
Adelie,Biscoe,28.40,15.30,184.00,4583.00,male,krill,juvenile,healthy,2022.00,/penguins98.jpg
Adelie,Biscoe,25.00,14.40,211.00,4440.00,male,krill,juvenile,underweight,2022.00,/penguins99.jpg
Adelie,Biscoe,21.30,18.80,182.00,4944.00,male,krill,juvenile,healthy,2022.00,/penguins100.jpg
Adelie,Biscoe,26.30,16.90,199.00,4747.00,male,krill,juvenile,healthy,2022.00,/penguins101.jpg
Adelie,Biscoe,23.90,22.60,225.00,5221.00,male,krill,adult,healthy,2022.00,/penguins102.jpg
Adelie,Biscoe,23.40,17.00,188.00,4934.00,male,krill,juvenile,healthy,2022.00,/penguins103.jpg
Adelie,Biscoe,30.10,17.00,181.00,4428.00,male,krill,juvenile,underweight,2022.00,/penguins104.jpg
Adelie,Biscoe,25.00,15.60,215.00,4910.00,male,krill,juvenile,healthy,2022.00,/penguins105.jpg
Adelie,Biscoe,27.80,17.60,223.00,4585.00,male,krill,juvenile,healthy,2022.00,/penguins106.jpg
Adelie,Biscoe,33.30,20.80,207.00,6317.00,male,krill,adult,overweight,2022.00,/penguins107.jpg
Adelie,Biscoe,30.00,18.00,220.00,4757.00,male,krill,juvenile,healthy,2022.00,/penguins108.jpg
Adelie,Biscoe,26.80,17.00,178.00,4439.00,male,krill,juvenile,underweight,2022.00,/penguins109.jpg
Adelie,Biscoe,35.80,19.80,236.00,5891.00,male,krill,adult,healthy,2022.00,/penguins110.jpg
Adelie,Biscoe,25.10,18.20,245.00,4503.00,male,krill,juvenile,healthy,2022.00,/penguins111.jpg
Adelie,Biscoe,28.90,22.20,238.00,5353.00,male,krill,adult,healthy,2022.00,/penguins112.jpg
Adelie,Biscoe,36.10,18.90,195.00,4648.00,male,krill,juvenile,healthy,2022.00,/penguins113.jpg
Adelie,Biscoe,30.20,17.40,217.00,5349.00,male,krill,juvenile,overweight,2022.00,/penguins114.jpg
Adelie,Biscoe,37.10,20.80,234.00,6286.00,male,krill,adult,overweight,2022.00,/penguins115.jpg
Adelie,Biscoe,25.60,19.20,219.00,5115.00,male,krill,adult,underweight,2022.00,/penguins116.jpg
Adelie,Biscoe,28.30,20.30,215.00,5128.00,male,krill,juvenile,overweight,2022.00,/penguins117.jpg
Adelie,Biscoe,37.30,16.90,208.00,3840.00,male,krill,juvenile,underweight,2022.00,/penguins118.jpg
Adelie,Biscoe,34.30,14.80,168.00,3238.00,female,parental,chick,overweight,2022.00,/penguins119.jpg
Adelie,Biscoe,20.20,18.10,149.00,3082.00,female,parental,chick,healthy,2022.00,/penguins120.jpg
Adelie,Biscoe,27.00,14.30,174.00,3010.00,female,parental,chick,healthy,2022.00,/penguins121.jpg
Adelie,Biscoe,33.60,15.90,180.00,2994.00,female,parental,chick,healthy,2022.00,/penguins122.jpg
Adelie,Biscoe,30.60,17.20,158.00,3179.00,female,parental,chick,healthy,2022.00,/penguins123.jpg
Adelie,Biscoe,29.10,16.30,168.00,2789.00,female,parental,chick,underweight,2022.00,/penguins124.jpg
Adelie,Biscoe,33.00,16.10,168.00,3010.00,female,parental,chick,healthy,2022.00,/penguins125.jpg
Adelie,Biscoe,25.80,14.00,175.00,3022.00,female,parental,chick,healthy,2022.00,/penguins126.jpg
Adelie,Biscoe,36.10,15.20,172.00,2751.00,female,parental,chick,underweight,2022.00,/penguins127.jpg
Adelie,Biscoe,28.90,15.90,161.00,2959.00,female,parental,chick,healthy,2022.00,/penguins128.jpg
Adelie,Biscoe,28.30,16.30,202.00,4091.00,male,parental,chick,overweight,2022.00,/penguins129.jpg
Adelie,Biscoe,32.40,15.40,178.00,3505.00,male,parental,chick,healthy,2022.00,/penguins130.jpg
Adelie,Biscoe,35.90,21.30,192.00,3503.00,male,parental,chick,healthy,2022.00,/penguins131.jpg
Adelie,Biscoe,31.10,13.80,184.00,3541.00,male,parental,chick,healthy,2022.00,/penguins132.jpg
Adelie,Biscoe,30.20,17.30,178.00,3343.00,male,parental,chick,underweight,2022.00,/penguins133.jpg
Adelie,Biscoe,34.90,14.90,185.00,3337.00,male,parental,chick,underweight,2022.00,/penguins134.jpg
Adelie,Biscoe,30.90,16.10,179.00,3774.00,male,parental,chick,healthy,2022.00,/penguins135.jpg
Adelie,Biscoe,37.70,13.90,193.00,3465.00,male,parental,chick,healthy,2022.00,/penguins136.jpg
Adelie,Biscoe,27.30,16.40,189.00,3654.00,male,parental,chick,healthy,2022.00,/penguins137.jpg
Adelie,Biscoe,40.70,16.30,199.00,3518.00,male,parental,chick,healthy,2022.00,/penguins138.jpg
Adelie,Biscoe,26.60,14.20,177.00,3554.00,male,parental,chick,healthy,2022.00,/penguins139.jpg
Adelie,Biscoe,35.60,13.50,187.00,3696.00,male,parental,chick,healthy,2022.00,/penguins140.jpg
Adelie,Biscoe,36.00,18.70,186.00,5225.00,female,squid,adult,overweight,2022.00,/penguins141.jpg
Adelie,Biscoe,48.00,17.30,207.00,5104.00,female,squid,adult,overweight,2022.00,/penguins142.jpg
Adelie,Biscoe,44.10,16.30,185.00,5373.00,male,squid,juvenile,overweight,2022.00,/penguins143.jpg
Adelie,Biscoe,38.90,23.00,196.00,5088.00,male,squid,juvenile,healthy,2022.00,/penguins144.jpg
Adelie,Biscoe,39.20,17.30,249.00,6175.00,male,squid,adult,overweight,2022.00,/penguins145.jpg
Adelie,Biscoe,43.70,23.20,213.00,5779.00,male,squid,adult,healthy,2022.00,/penguins146.jpg
Adelie,Dream,54.70,17.80,229.00,5898.00,female,fish,adult,overweight,2022.00,/penguins147.jpg
Adelie,Dream,50.70,17.60,213.00,4834.00,female,fish,juvenile,overweight,2022.00,/penguins148.jpg
Adelie,Dream,49.40,17.10,234.00,4092.00,female,fish,juvenile,healthy,2022.00,/penguins149.jpg
Adelie,Dream,48.60,16.20,236.00,5271.00,female,fish,adult,overweight,2022.00,/penguins150.jpg
Adelie,Dream,51.00,18.50,198.00,5005.00,female,fish,juvenile,overweight,2022.00,/penguins151.jpg
Adelie,Dream,43.50,17.90,206.00,4707.00,female,fish,juvenile,overweight,2022.00,/penguins152.jpg
Adelie,Dream,45.30,19.90,236.00,5594.00,male,fish,juvenile,overweight,2022.00,/penguins153.jpg
Adelie,Dream,60.60,21.10,246.00,6430.00,male,fish,adult,overweight,2022.00,/penguins154.jpg
Adelie,Dream,56.30,22.20,256.00,6657.00,male,fish,adult,overweight,2022.00,/penguins155.jpg
Adelie,Dream,65.10,17.80,262.00,6845.00,male,fish,adult,overweight,2022.00,/penguins156.jpg
Adelie,Dream,24.20,18.40,195.00,4501.00,female,krill,adult,healthy,2022.00,/penguins157.jpg
Adelie,Dream,26.50,18.20,228.00,5079.00,male,krill,adult,underweight,2022.00,/penguins158.jpg
Adelie,Dream,30.30,21.00,266.00,5326.00,male,krill,adult,healthy,2022.00,/penguins159.jpg
Adelie,Dream,22.70,18.40,169.00,3891.00,female,krill,juvenile,healthy,2022.00,/penguins1.jpg
Adelie,Dream,23.90,15.70,178.00,3493.00,female,krill,juvenile,underweight,2022.00,/penguins2.jpg
Adelie,Dream,23.60,18.00,190.00,3761.00,female,krill,juvenile,healthy,2022.00,/penguins3.jpg
Adelie,Dream,32.10,16.80,173.00,4610.00,female,krill,juvenile,overweight,2022.00,/penguins4.jpg
Adelie,Dream,29.10,20.20,213.00,4845.00,female,krill,adult,healthy,2022.00,/penguins5.jpg
Adelie,Dream,22.90,17.00,195.00,3937.00,female,krill,juvenile,healthy,2022.00,/penguins6.jpg
Adelie,Dream,24.40,14.50,171.00,3681.00,female,krill,juvenile,underweight,2022.00,/penguins7.jpg
Adelie,Dream,20.80,13.80,183.00,3927.00,female,krill,juvenile,healthy,2022.00,/penguins8.jpg
Adelie,Dream,23.70,14.30,181.00,4378.00,female,krill,juvenile,overweight,2022.00,/penguins9.jpg
Adelie,Dream,18.90,14.80,176.00,3531.00,female,krill,juvenile,underweight,2022.00,/penguins10.jpg
Adelie,Dream,21.30,17.90,179.00,3859.00,female,krill,juvenile,healthy,2022.00,/penguins11.jpg
Adelie,Dream,19.30,18.90,169.00,4204.00,female,krill,juvenile,healthy,2022.00,/penguins12.jpg
Adelie,Dream,24.20,16.40,184.00,3920.00,female,krill,juvenile,healthy,2022.00,/penguins13.jpg
Adelie,Dream,28.80,17.20,196.00,4052.00,female,krill,adult,underweight,2022.00,/penguins14.jpg
Adelie,Dream,20.00,17.10,188.00,3748.00,female,krill,juvenile,healthy,2022.00,/penguins15.jpg
Adelie,Dream,27.30,13.10,154.00,3674.00,female,krill,juvenile,underweight,2022.00,/penguins16.jpg
Adelie,Dream,28.50,18.20,168.00,3619.00,female,krill,juvenile,underweight,2022.00,/penguins17.jpg
Adelie,Dream,24.50,16.90,198.00,3388.00,female,krill,juvenile,underweight,2022.00,/penguins18.jpg
Adelie,Dream,29.60,17.10,178.00,3452.00,female,krill,juvenile,underweight,2022.00,/penguins19.jpg
Adelie,Dream,23.20,15.90,198.00,4041.00,female,krill,juvenile,healthy,2022.00,/penguins20.jpg
Adelie,Dream,34.20,17.80,186.00,3813.00,female,krill,adult,underweight,2022.00,/penguins21.jpg
Adelie,Dream,25.50,15.70,185.00,4346.00,female,krill,adult,healthy,2022.00,/penguins22.jpg
Adelie,Dream,34.00,18.70,186.00,4215.00,female,krill,juvenile,healthy,2022.00,/penguins23.jpg
Adelie,Dream,35.90,14.50,166.00,4216.00,female,krill,juvenile,healthy,2022.00,/penguins24.jpg
Adelie,Dream,22.20,15.60,172.00,3935.00,female,krill,juvenile,healthy,2022.00,/penguins25.jpg
Adelie,Dream,26.30,15.10,196.00,3395.00,female,krill,juvenile,underweight,2022.00,/penguins26.jpg
Adelie,Dream,17.40,18.70,176.00,3934.00,female,krill,juvenile,healthy,2022.00,/penguins27.jpg
Adelie,Dream,21.90,15.80,187.00,3609.00,female,krill,juvenile,underweight,2022.00,/penguins28.jpg
Adelie,Dream,27.00,18.90,190.00,4406.00,female,krill,juvenile,overweight,2022.00,/penguins29.jpg
Adelie,Dream,25.90,20.20,218.00,4955.00,female,krill,adult,healthy,2022.00,/penguins30.jpg
Adelie,Dream,32.20,17.10,198.00,3541.00,female,krill,adult,underweight,2022.00,/penguins31.jpg
Adelie,Dream,31.80,18.80,190.00,4927.00,female,krill,adult,healthy,2022.00,/penguins32.jpg
Adelie,Dream,28.20,13.60,192.00,4120.00,female,krill,juvenile,healthy,2022.00,/penguins33.jpg
Adelie,Dream,21.80,17.80,204.00,3845.00,female,krill,juvenile,healthy,2022.00,/penguins34.jpg
Adelie,Dream,25.10,15.70,177.00,3709.00,female,krill,juvenile,healthy,2022.00,/penguins35.jpg
Adelie,Dream,24.00,14.90,169.00,4334.00,female,krill,juvenile,overweight,2022.00,/penguins36.jpg
Adelie,Dream,24.10,16.50,190.00,3725.00,female,krill,juvenile,healthy,2022.00,/penguins37.jpg
Adelie,Dream,25.70,16.90,175.00,4665.00,male,krill,juvenile,healthy,2022.00,/penguins38.jpg
Adelie,Dream,20.40,22.10,196.00,4589.00,male,krill,juvenile,healthy,2022.00,/penguins39.jpg
Adelie,Dream,35.70,17.70,236.00,5166.00,male,krill,adult,healthy,2022.00,/penguins40.jpg
Adelie,Dream,32.60,19.60,233.00,3655.00,male,krill,adult,underweight,2022.00,/penguins41.jpg
Adelie,Dream,29.50,17.10,185.00,5019.00,male,krill,juvenile,healthy,2022.00,/penguins42.jpg
Adelie,Dream,24.10,17.20,210.00,4488.00,male,krill,juvenile,underweight,2022.00,/penguins43.jpg
Adelie,Dream,29.90,14.90,183.00,5148.00,male,krill,juvenile,overweight,2022.00,/penguins44.jpg
Adelie,Dream,21.00,17.50,211.00,4703.00,male,krill,juvenile,healthy,2022.00,/penguins45.jpg
Adelie,Dream,25.70,17.30,184.00,4887.00,male,krill,juvenile,healthy,2022.00,/penguins46.jpg
Adelie,Dream,35.40,16.90,243.00,4895.00,male,krill,adult,underweight,2022.00,/penguins47.jpg
Adelie,Dream,26.70,16.40,186.00,4040.00,male,krill,juvenile,underweight,2022.00,/penguins48.jpg
Adelie,Dream,31.30,15.90,190.00,4794.00,male,krill,juvenile,healthy,2022.00,/penguins49.jpg
Adelie,Dream,26.60,15.80,196.00,4965.00,male,krill,juvenile,healthy,2022.00,/penguins50.jpg
Adelie,Dream,30.90,14.90,209.00,4869.00,male,krill,juvenile,healthy,2022.00,/penguins51.jpg
Adelie,Dream,25.30,16.90,199.00,4097.00,male,krill,juvenile,underweight,2022.00,/penguins52.jpg
Adelie,Dream,30.80,20.40,235.00,5529.00,male,krill,adult,healthy,2022.00,/penguins53.jpg
Adelie,Dream,28.50,17.20,190.00,4787.00,male,krill,juvenile,healthy,2022.00,/penguins54.jpg
Adelie,Dream,23.40,18.70,175.00,4030.00,male,krill,juvenile,underweight,2022.00,/penguins55.jpg
Adelie,Dream,29.50,18.90,233.00,5214.00,male,krill,adult,healthy,2022.00,/penguins56.jpg
Adelie,Dream,29.60,19.50,241.00,4671.00,male,krill,juvenile,healthy,2022.00,/penguins57.jpg
Adelie,Dream,27.50,20.10,194.00,4656.00,male,krill,juvenile,healthy,2022.00,/penguins58.jpg
Adelie,Dream,21.10,16.30,212.00,4859.00,male,krill,juvenile,healthy,2022.00,/penguins59.jpg
Adelie,Dream,28.60,19.10,200.00,5164.00,male,krill,adult,healthy,2022.00,/penguins60.jpg
Adelie,Dream,24.40,18.00,198.00,4506.00,male,krill,juvenile,healthy,2022.00,/penguins61.jpg
Adelie,Dream,28.80,14.50,160.00,2995.00,female,parental,chick,healthy,2022.00,/penguins62.jpg
Adelie,Dream,37.00,14.40,164.00,2787.00,female,parental,chick,underweight,2022.00,/penguins63.jpg
Adelie,Dream,35.60,19.30,166.00,3187.00,female,parental,chick,healthy,2022.00,/penguins64.jpg
Adelie,Dream,26.10,16.80,182.00,3366.00,female,parental,chick,overweight,2022.00,/penguins65.jpg
Adelie,Dream,33.30,16.30,165.00,2970.00,female,parental,chick,healthy,2022.00,/penguins66.jpg
Adelie,Dream,34.90,16.90,171.00,2969.00,female,parental,chick,healthy,2022.00,/penguins67.jpg
Adelie,Dream,30.40,14.30,163.00,3206.00,female,parental,chick,overweight,2022.00,/penguins68.jpg
Adelie,Dream,27.80,12.50,179.00,3114.00,female,parental,chick,healthy,2022.00,/penguins69.jpg
Adelie,Dream,24.50,10.70,181.00,2986.00,female,parental,chick,healthy,2022.00,/penguins70.jpg
Adelie,Dream,29.60,17.00,195.00,3813.00,male,parental,chick,overweight,2022.00,/penguins71.jpg
Adelie,Dream,37.90,14.10,178.00,3405.00,male,parental,chick,healthy,2022.00,/penguins72.jpg
Adelie,Dream,36.30,14.00,195.00,3924.00,male,parental,chick,overweight,2022.00,/penguins73.jpg
Adelie,Dream,34.50,14.70,195.00,3539.00,male,parental,chick,healthy,2022.00,/penguins74.jpg
Adelie,Dream,31.20,18.00,184.00,3661.00,male,parental,chick,healthy,2022.00,/penguins75.jpg
Adelie,Dream,33.90,18.80,176.00,3630.00,male,parental,chick,healthy,2022.00,/penguins76.jpg
Adelie,Dream,31.70,16.60,174.00,3230.00,male,parental,chick,underweight,2022.00,/penguins77.jpg
Adelie,Dream,30.60,10.90,179.00,3905.00,male,parental,chick,overweight,2022.00,/penguins78.jpg
Adelie,Dream,30.90,15.90,187.00,3437.00,male,parental,chick,healthy,2022.00,/penguins79.jpg
Adelie,Dream,35.70,15.20,182.00,3683.00,male,parental,chick,healthy,2022.00,/penguins80.jpg
Adelie,Dream,34.80,13.80,192.00,3328.00,male,parental,chick,underweight,2022.00,/penguins81.jpg
Adelie,Dream,33.20,10.10,187.00,3221.00,male,parental,chick,underweight,2022.00,/penguins82.jpg
Adelie,Dream,25.00,12.70,197.00,3950.00,male,parental,chick,overweight,2022.00,/penguins83.jpg
Adelie,Dream,47.10,15.10,183.00,3804.00,male,parental,chick,overweight,2022.00,/penguins84.jpg
Adelie,Dream,26.80,17.40,181.00,3875.00,female,squid,juvenile,healthy,2022.00,/penguins85.jpg
Adelie,Dream,47.60,20.70,215.00,5095.00,male,squid,juvenile,healthy,2022.00,/penguins86.jpg
Adelie,Dream,44.90,22.50,229.00,5499.00,male,squid,adult,healthy,2022.00,/penguins87.jpg
Adelie,Torgensen,51.70,18.40,219.00,6059.00,female,fish,adult,overweight,2022.00,/penguins88.jpg
Adelie,Torgensen,46.30,18.00,211.00,5085.00,female,fish,juvenile,overweight,2022.00,/penguins89.jpg
Adelie,Torgensen,57.40,19.10,190.00,5200.00,female,fish,juvenile,overweight,2022.00,/penguins90.jpg
Adelie,Torgensen,56.90,18.20,232.00,5683.00,female,fish,adult,overweight,2022.00,/penguins91.jpg
Adelie,Torgensen,51.10,17.10,184.00,5761.00,female,fish,juvenile,overweight,2022.00,/penguins92.jpg
Adelie,Torgensen,49.60,17.50,239.00,5813.00,female,fish,adult,overweight,2022.00,/penguins93.jpg
Adelie,Torgensen,53.70,20.70,225.00,6350.00,female,fish,adult,overweight,2022.00,/penguins94.jpg
Adelie,Torgensen,41.50,18.00,206.00,4650.00,female,fish,juvenile,overweight,2022.00,/penguins95.jpg
Adelie,Torgensen,62.50,14.50,206.00,4664.00,female,fish,juvenile,overweight,2022.00,/penguins96.jpg
Adelie,Torgensen,52.40,19.70,241.00,4372.00,female,fish,adult,healthy,2022.00,/penguins97.jpg
Adelie,Torgensen,45.00,16.60,219.00,4514.00,female,fish,juvenile,overweight,2022.00,/penguins98.jpg
Adelie,Torgensen,51.70,20.10,288.00,6295.00,male,fish,adult,overweight,2022.00,/penguins99.jpg
Adelie,Torgensen,50.50,22.60,225.00,6213.00,male,fish,adult,overweight,2022.00,/penguins100.jpg
Adelie,Torgensen,49.60,24.40,263.00,7293.00,male,fish,adult,overweight,2022.00,/penguins101.jpg
Adelie,Torgensen,50.90,17.30,232.00,5207.00,male,fish,juvenile,overweight,2022.00,/penguins102.jpg
Adelie,Torgensen,58.70,18.80,220.00,5745.00,male,fish,juvenile,overweight,2022.00,/penguins103.jpg
Adelie,Torgensen,58.30,20.60,241.00,6846.00,male,fish,adult,overweight,2022.00,/penguins104.jpg
Adelie,Torgensen,53.10,18.80,244.00,7399.00,male,fish,adult,overweight,2022.00,/penguins105.jpg
Adelie,Torgensen,66.90,19.50,231.00,6694.00,male,fish,adult,overweight,2022.00,/penguins106.jpg
Adelie,Torgensen,54.90,16.30,237.00,5912.00,male,fish,juvenile,overweight,2022.00,/penguins107.jpg
Adelie,Torgensen,63.00,20.40,259.00,6251.00,male,fish,adult,overweight,2022.00,/penguins108.jpg
Adelie,Torgensen,24.60,19.70,175.00,3984.00,female,krill,juvenile,healthy,2022.00,/penguins109.jpg
Adelie,Torgensen,34.70,18.00,217.00,6006.00,male,krill,adult,overweight,2022.00,/penguins110.jpg
Adelie,Torgensen,25.10,19.50,213.00,4593.00,male,krill,adult,underweight,2022.00,/penguins111.jpg
Adelie,Torgensen,27.20,12.90,205.00,4919.00,male,krill,juvenile,healthy,2022.00,/penguins112.jpg
Adelie,Torgensen,29.30,17.10,210.00,4067.00,female,krill,juvenile,healthy,2022.00,/penguins113.jpg
Adelie,Torgensen,26.70,12.80,193.00,3428.00,female,krill,juvenile,underweight,2022.00,/penguins114.jpg
Adelie,Torgensen,20.90,17.20,192.00,4119.00,female,krill,juvenile,healthy,2022.00,/penguins115.jpg
Adelie,Torgensen,38.40,18.40,196.00,3696.00,female,krill,adult,underweight,2022.00,/penguins116.jpg
Adelie,Torgensen,20.20,14.00,175.00,3358.00,female,krill,juvenile,underweight,2022.00,/penguins117.jpg
Adelie,Torgensen,19.60,18.50,156.00,4119.00,female,krill,juvenile,healthy,2022.00,/penguins118.jpg
Adelie,Torgensen,33.10,20.00,161.00,3310.00,female,krill,juvenile,underweight,2022.00,/penguins119.jpg
Adelie,Torgensen,23.60,22.80,203.00,4250.00,female,krill,adult,healthy,2022.00,/penguins120.jpg
Adelie,Torgensen,29.90,17.70,176.00,3436.00,female,krill,juvenile,underweight,2022.00,/penguins121.jpg
Adelie,Torgensen,24.20,17.00,175.00,4015.00,female,krill,juvenile,healthy,2022.00,/penguins122.jpg
Adelie,Torgensen,21.00,20.50,187.00,3347.00,female,krill,juvenile,underweight,2022.00,/penguins123.jpg
Adelie,Torgensen,27.00,19.50,167.00,4734.00,female,krill,adult,healthy,2022.00,/penguins124.jpg
Adelie,Torgensen,32.90,16.30,161.00,4144.00,female,krill,juvenile,healthy,2022.00,/penguins125.jpg
Adelie,Torgensen,31.80,15.70,164.00,4397.00,female,krill,juvenile,overweight,2022.00,/penguins126.jpg
Adelie,Torgensen,29.20,18.70,190.00,4387.00,male,krill,juvenile,underweight,2022.00,/penguins127.jpg
Adelie,Torgensen,25.60,20.00,190.00,4294.00,male,krill,juvenile,underweight,2022.00,/penguins128.jpg
Adelie,Torgensen,34.20,16.10,200.00,4952.00,male,krill,juvenile,healthy,2022.00,/penguins129.jpg
Adelie,Torgensen,25.80,21.50,206.00,4475.00,male,krill,juvenile,underweight,2022.00,/penguins130.jpg
Adelie,Torgensen,28.40,15.80,189.00,4808.00,male,krill,juvenile,healthy,2022.00,/penguins131.jpg
Adelie,Torgensen,26.40,16.70,201.00,4644.00,male,krill,juvenile,healthy,2022.00,/penguins132.jpg
Adelie,Torgensen,24.10,19.10,203.00,4542.00,male,krill,juvenile,healthy,2022.00,/penguins133.jpg
Adelie,Torgensen,30.30,17.50,197.00,5068.00,male,krill,juvenile,healthy,2022.00,/penguins134.jpg
Adelie,Torgensen,23.70,19.40,201.00,4917.00,male,krill,juvenile,healthy,2022.00,/penguins135.jpg
Adelie,Torgensen,28.00,17.80,195.00,4267.00,male,krill,juvenile,underweight,2022.00,/penguins136.jpg
Adelie,Torgensen,30.50,19.20,220.00,5330.00,male,krill,adult,healthy,2022.00,/penguins137.jpg
Adelie,Torgensen,32.00,14.60,167.00,2998.00,female,parental,chick,healthy,2022.00,/penguins138.jpg
Adelie,Torgensen,36.10,14.20,170.00,2871.00,female,parental,chick,healthy,2022.00,/penguins139.jpg
Adelie,Torgensen,30.60,14.60,161.00,2837.00,female,parental,chick,healthy,2022.00,/penguins140.jpg
Adelie,Torgensen,32.00,11.70,178.00,2988.00,female,parental,chick,healthy,2022.00,/penguins141.jpg
Adelie,Torgensen,35.90,12.40,172.00,2933.00,female,parental,chick,healthy,2022.00,/penguins142.jpg
Adelie,Torgensen,26.10,14.60,183.00,2867.00,female,parental,chick,healthy,2022.00,/penguins143.jpg
Adelie,Torgensen,34.00,18.00,174.00,2809.00,female,parental,chick,healthy,2022.00,/penguins144.jpg
Adelie,Torgensen,23.00,16.50,187.00,3285.00,female,parental,chick,overweight,2022.00,/penguins145.jpg
Adelie,Torgensen,30.30,15.90,169.00,2760.00,female,parental,chick,underweight,2022.00,/penguins146.jpg
Adelie,Torgensen,28.80,13.80,172.00,2966.00,female,parental,chick,healthy,2022.00,/penguins147.jpg
Adelie,Torgensen,26.40,13.10,171.00,3224.00,female,parental,chick,overweight,2022.00,/penguins148.jpg
Adelie,Torgensen,34.90,16.20,163.00,3162.00,female,parental,chick,healthy,2022.00,/penguins149.jpg
Adelie,Torgensen,35.10,12.70,150.00,3047.00,female,parental,chick,healthy,2022.00,/penguins150.jpg
Adelie,Torgensen,39.00,19.20,187.00,3449.00,male,parental,chick,healthy,2022.00,/penguins151.jpg
Adelie,Torgensen,26.10,20.30,194.00,3314.00,male,parental,chick,underweight,2022.00,/penguins152.jpg
Adelie,Torgensen,38.90,16.70,187.00,3516.00,male,parental,chick,healthy,2022.00,/penguins153.jpg
Adelie,Torgensen,39.70,14.60,193.00,3314.00,male,parental,chick,underweight,2022.00,/penguins154.jpg
Adelie,Torgensen,31.40,14.70,184.00,3967.00,male,parental,chick,overweight,2022.00,/penguins155.jpg
Adelie,Torgensen,37.70,18.30,167.00,3834.00,male,parental,chick,overweight,2022.00,/penguins156.jpg
Adelie,Torgensen,26.30,14.70,169.00,3599.00,male,parental,chick,healthy,2022.00,/penguins157.jpg
Adelie,Torgensen,41.10,16.00,189.00,3543.00,male,parental,chick,healthy,2022.00,/penguins158.jpg
Adelie,Torgensen,37.00,13.80,195.00,3992.00,male,parental,chick,overweight,2022.00,/penguins159.jpg
Adelie,Dream,37.00,13.80,195.00,3992.00,male,parental,chick,overweight,2022.00,/penguins159.jpg
Adelie,Dream Big,37.00,13.80,195.00,3992.00,male,parental,chick,overweight,2022.00,/penguins159.jpg
Adelie,Dream Bigger,37.00,13.80,195.00,3992.00,male,parental,chick,overweight,2022.00,/penguins159.jpg
